{
    "loss": 0.3141806125640869,
    "accuracy": 0.9411764740943909
}